id,plan_id,issuer_id,name,state,toll_free,created_at
11,11512NC0100031,11512,Blue Cross and Blue Shield of NC,NC,1-888-868-5594,2025-10-31 03:06:05
12,11512NC0060027,11512,Blue Cross and Blue Shield of NC,NC,1-888-868-5594,2025-10-31 03:06:05
13,11512NC0100001,11512,Blue Cross and Blue Shield of NC,NC,1-888-868-5594,2025-10-31 03:06:05
14,11512NC0100028,11512,Blue Cross and Blue Shield of NC,NC,1-888-868-5594,2025-10-31 03:06:05
15,11512NC0100053,11512,Blue Cross and Blue Shield of NC,NC,1-888-868-5594,2025-10-31 03:06:05
16,11512NC0060034,11512,Blue Cross and Blue Shield of NC,NC,1-888-868-5594,2025-10-31 03:06:05
17,11512NC0060024,11512,Blue Cross and Blue Shield of NC,NC,1-888-868-5594,2025-10-31 03:06:05
18,11512NC0060031,11512,Blue Cross and Blue Shield of NC,NC,1-888-868-5594,2025-10-31 03:06:05
19,11512NC0100032,11512,Blue Cross and Blue Shield of NC,NC,1-888-868-5594,2025-10-31 03:06:05
20,11512NC0100024,11512,Blue Cross and Blue Shield of NC,NC,1-888-868-5594,2025-10-31 03:06:05
